,player_name,User_Name,Screen_Name,Tweet_created,Retweeted,Favourited,Location,Time_Zone,Geo,Text,Favourites_Count,Friends_Count,Followers_Count,Retweet_Count,Hashtags,URL
0,Alvaro Morata,Lynx,LynxApk,2018-04-22 23:36:32,False,False,Meme Land,Mexico City,None,"RT @kingzorro81: Last weekend we got hit with 18” of snow in Minnesota. 
Just a week later spring is here..
see more https://t.co/EGxPmXzOK…",114,93,492,146,None,[]
1,Alvaro Morata,lbhkr,LBHKRRecords,2018-04-22 22:42:53,False,False,,None,None,"RT @kingzorro81: Last weekend we got hit with 18” of snow in Minnesota. 
Just a week later spring is here..
see more https://t.co/EGxPmXzOK…",1163,1432,127,4035,None,[]
2,Alvaro Morata,Emmanuel Olabayo,bayonuels,2018-04-22 22:30:35,False,False,"Lagos state, Nigeria.",None,None,"In a season that had bigger money moves by #Lukaku and #Morata, a certain #MoSalah stole the show.

Regardless of t… https://t.co/KUakEbyvx4",931,701,424,1399,Lukaku,"[{'url': 'https://t.co/KUakEbyvx4', 'expanded_url': 'https://twitter.com/i/web/status/988183309694926848', 'display_url': 'twitter.com/i/web/status/9…', 'indices': [117, 140]}]"
3,Alvaro Morata,Andrea Fabris,andreafabris96,2018-04-22 21:56:45,False,False,Verderio,Rome,None,Olivier #Giroud e Alvaro #Morata portano il Chelsea Football Club in finale di The Emirates FA Cup: il Southampton… https://t.co/UCTBsylBjT,23730,1523,538,34752,Giroud,"[{'url': 'https://t.co/UCTBsylBjT', 'expanded_url': 'https://twitter.com/i/web/status/988174797430386689', 'display_url': 'twitter.com/i/web/status/9…', 'indices': [116, 139]}]"
4,Alvaro Morata,Harvey Emby,harveyemby10,2018-04-22 21:40:42,False,False,,None,None,"Great atmosphere at Wembley today, fans were great, shame Southampton let it down by leaving thousands of empty sea… https://t.co/pgZ0vNm7Dq",88,179,22,164,None,"[{'url': 'https://t.co/pgZ0vNm7Dq', 'expanded_url': 'https://twitter.com/i/web/status/988170757191675904', 'display_url': 'twitter.com/i/web/status/9…', 'indices': [117, 140]}]"
5,Alvaro Morata,Harvey Emby,harveyemby10,2018-04-22 21:38:20,False,False,,None,None,"Just to say Giroud’s goal today should be given as FA Cup goal of the tournament, I can’t describe how good it was… https://t.co/wVVbYkHoUr",88,179,22,164,None,"[{'url': 'https://t.co/wVVbYkHoUr', 'expanded_url': 'https://twitter.com/i/web/status/988170160417714176', 'display_url': 'twitter.com/i/web/status/9…', 'indices': [116, 139]}]"
6,Alvaro Morata,"Mary ATP, Arsenal ??",mms_soumare,2018-04-22 21:20:01,False,False,Senegal,None,None,13 buts en #PL c’est 2 de + que #Morata et “que” 3 de moins que #Lukaku qui en plus de jouer pratiquement et intégr… https://t.co/XpLDpwAsql,602,1331,408,273,PL,"[{'url': 'https://t.co/XpLDpwAsql', 'expanded_url': 'https://twitter.com/i/web/status/988165553071296512', 'display_url': 'twitter.com/i/web/status/9…', 'indices': [117, 140]}]"
7,Alvaro Morata,SHOWY!,CamiloR531,2018-04-22 21:13:03,False,False,Colombia,Bogota,None,"ASÍ VIVE ÁLVARO MORATA, CONOCE A SU HERMOSA MUJER, MIRA QUE HACEN EN SU TIEMPO LIBRE Y SU DÍA A DÍA #Manchester… https://t.co/n33ucgNsZC",59,408,142,5861,Manchester,"[{'url': 'https://t.co/n33ucgNsZC', 'expanded_url': 'https://twitter.com/i/web/status/988163800309420032', 'display_url': 'twitter.com/i/web/status/9…', 'indices': [113, 136]}]"
8,Alvaro Morata,Jordi Garcia Serna,jordigarciatv,2018-04-22 20:36:41,False,False,,Pacific Time (US & Canada),None,Giroud y #Morata guían al #Chelsea a la final de la #FACup al imponerse al #southampton (0-2) donde se enfrentaran… https://t.co/YASE8rSheJ,100,39344,42847,7362,Morata,"[{'url': 'https://t.co/YASE8rSheJ', 'expanded_url': 'https://twitter.com/i/web/status/988154645251067905', 'display_url': 'twitter.com/i/web/status/9…', 'indices': [116, 139]}]"
9,Alvaro Morata,malik adams,malikadams1298,2018-04-22 20:15:12,False,False,"Toronto, Ontario",None,None,"RT @kingzorro81: Last weekend we got hit with 18” of snow in Minnesota. 
Just a week later spring is here..
see more https://t.co/EGxPmXzOK…",719,971,41,1394,None,[]
10,Alvaro Morata,yunghova,hovie1234,2018-04-22 20:10:07,False,False,,None,None,"RT @kingzorro81: Last weekend we got hit with 18” of snow in Minnesota. 
Just a week later spring is here..
see more https://t.co/EGxPmXzOK…",36,22,4,156,None,[]
11,Alvaro Morata,kaito,kaito_z12,2018-04-22 20:06:37,False,False,"Makassar, Indonesia",None,None,"RT @kingzorro81: Last weekend we got hit with 18” of snow in Minnesota. 
Just a week later spring is here..
see more https://t.co/EGxPmXzOK…",72,557,22,302,None,[]
12,Alvaro Morata,marzok zeze,ZezeMarzok,2018-04-22 19:57:02,False,False,,None,None,"RT @kingzorro81: Last weekend we got hit with 18” of snow in Minnesota. 
Just a week later spring is here..
see more https://t.co/EGxPmXzOK…",64,412,7,142,None,[]
13,Alvaro Morata,Taye6???,6thFlameRebel_,2018-04-22 19:54:15,False,False,Louisiana,None,None,"RT @kingzorro81: Last weekend we got hit with 18” of snow in Minnesota. 
Just a week later spring is here..
see more https://t.co/EGxPmXzOK…",828,13,696,1241,None,[]
14,Alvaro Morata,Alva Starr,SplendorNatalie,2018-04-22 19:48:07,False,False,ESPAÑA,Athens,None,"RT @Nataxab3: Me acuerdo cuando decían q España no tenía delanteros y parecía q sólo existía #Morata... Ahora tenemos a #Aspas, #Rodrigo, #…",7546,510,651,34547,Morata,[]
15,Alvaro Morata,Raichel,crypto_chechi,2018-04-22 19:39:56,False,False,"San Jose, CA",None,None,"RT @kingzorro81: Last weekend we got hit with 18” of snow in Minnesota. 
Just a week later spring is here..
see more https://t.co/EGxPmXzOK…",100,240,211,136,None,[]
16,Alvaro Morata,karwankurd,karwankurd4,2018-04-22 19:33:50,False,False,Iraq,Hawaii,None,"RT @kingzorro81: Last weekend we got hit with 18” of snow in Minnesota. 
Just a week later spring is here..
see more https://t.co/EGxPmXzOK…",284,1671,130,1483,None,[]
17,Alvaro Morata,Agentianonimi.com,AgentiAnonimi,2018-04-22 19:24:52,False,False,"Milano, Lombardia",Rome,None,"#FACUP: #Giroud e #Morata portano il #Chelsea in finale. 

Battuto 2-0 il #Southampton ?

https://t.co/daJME93pgT",6938,424,4977,27293,FACUP,"[{'url': 'https://t.co/daJME93pgT', 'expanded_url': 'https://www.agentianonimi.com/fa-cup-analisi-semifinale-chelsea-southampton-2017-2018/', 'display_url': 'agentianonimi.com/fa-cup-analisi…', 'indices': [90, 113]}]"
18,Alvaro Morata,Transfermarkt.pl,TMpl_news,2018-04-22 19:20:01,False,False,,None,None,Chelsea rywalem Manchesteru United w finale https://t.co/Q1c4oJb2ie #transfermarkt #morata #bednarek #giroud,0,12,2888,20138,transfermarkt,"[{'url': 'https://t.co/Q1c4oJb2ie', 'expanded_url': 'http://tinyurl.com/ycycqrun', 'display_url': 'tinyurl.com/ycycqrun', 'indices': [44, 67]}]"
19,Alvaro Morata,Premier League en español,PremierIeagueES,2018-04-22 19:10:49,False,False,,Buenos Aires,None,"#FACup

#Chelsea 2 - 0 #Southampton

46' #Giroud; 82' #Morata https://t.co/JOXEqA7GrO",286,33,3195,833,FACup,[]
20,Eden Hazard,Ariel Montecinos Y.,arielmontecinos,2018-04-22 23:03:11,False,False,"Santiago, Chile",Santiago,None,"@Goal_en_espanol @ChelseaFC_Sp, cuando vi los acompañantes del frances ahi dije #Chelsea!! #William de enlace por l… https://t.co/GQLsTAirdA",570,201,161,5471,Chelsea,"[{'url': 'https://t.co/GQLsTAirdA', 'expanded_url': 'https://twitter.com/i/web/status/988191513464180736', 'display_url': 'twitter.com/i/web/status/9…', 'indices': [117, 140]}]"
21,Eden Hazard,Eshk13,Eshk_chelsea,2018-04-22 22:06:22,False,False,kurdistan,Pacific Time (US & Canada),None,"@hazardeden10 ??? 
.
.
#chelsea #cfc #hazard https://t.co/HwGjseZ0bC",1108,221,27,27,chelsea,[]
22,Eden Hazard,And Smith Must Score,AndSmithMustSc1,2018-04-22 22:05:35,False,False,next: tbc,Casablanca,None,RT @AndSmithMustSc1: Although Citeh have strolled the League I'd still be surprised if #Salah doesn't get #POTY. As o/s as #Hazard was two…,347,984,493,3104,Salah,[]
23,Eden Hazard,MC,mchino141731,2018-04-22 21:48:36,False,False,,None,None,@zazzatweet @pisto_gol @FabRavezzani Su #Dybala ci sarebbe da considerare un piccolo particolare. Anche #Salah e… https://t.co/dKwRtqbIsq,1,38,3,99,Dybala,"[{'url': 'https://t.co/dKwRtqbIsq', 'expanded_url': 'https://twitter.com/i/web/status/988172744377405440', 'display_url': 'twitter.com/i/web/status/9…', 'indices': [114, 137]}]"
24,Eden Hazard,Dave Heasman,daveheez,2018-04-22 21:43:13,False,False,London,London,None,"RT @jakeheasman: He can frustrate the life out of me, but games like today are a reminder why I’d never want him to leave. A joy to watch.…",1621,313,277,11409,None,[]
25,Eden Hazard,Harvey Emby,harveyemby10,2018-04-22 21:40:42,False,False,,None,None,"Great atmosphere at Wembley today, fans were great, shame Southampton let it down by leaving thousands of empty sea… https://t.co/pgZ0vNm7Dq",88,179,22,164,None,"[{'url': 'https://t.co/pgZ0vNm7Dq', 'expanded_url': 'https://twitter.com/i/web/status/988170757191675904', 'display_url': 'twitter.com/i/web/status/9…', 'indices': [117, 140]}]"
26,Eden Hazard,AJ,ajaybhatus,2018-04-22 20:54:25,False,False,,None,None,RT @LalitAmbardar: @PiyushGoyalOffc Gaping hole in connecting corridor of Coach A1&amp;A2 in Jammu _Delhi  24402 Train. #Hazard #realtime https…,3018,600,309,8092,Hazard,[]
27,Eden Hazard,Thomas Hoskins ?,RealTomHoskins,2018-04-22 20:49:02,False,False,"Weston-super-Mare, England",London,None,"RT @jakeheasman: He can frustrate the life out of me, but games like today are a reminder why I’d never want him to leave. A joy to watch.…",43037,868,1120,130858,None,[]
28,Eden Hazard,Jake Heasman,jakeheasman,2018-04-22 20:42:08,False,False,"London, England",London,None,"He can frustrate the life out of me, but games like today are a reminder why I’d never want him to leave. A joy to… https://t.co/snmiVp16Dc",3843,1056,1060,11057,None,"[{'url': 'https://t.co/snmiVp16Dc', 'expanded_url': 'https://twitter.com/i/web/status/988156018290057216', 'display_url': 'twitter.com/i/web/status/9…', 'indices': [116, 139]}]"
29,Eden Hazard,chelseanews24,chelseanews24h,2018-04-22 20:14:16,False,False,London,London,None,"#Hazard, satisfied for the game and results, claims: We created a lot of chances and we scored beautiful goals… https://t.co/q7wNVvbdIM",8,259,466,10587,Hazard,"[{'url': 'https://t.co/q7wNVvbdIM', 'expanded_url': 'https://twitter.com/i/web/status/988149005652766725', 'display_url': 'twitter.com/i/web/status/9…', 'indices': [114, 137]}]"
30,Eden Hazard,???? ???????,waled1010,2018-04-22 19:56:14,False,False,,None,None,"RT @CFCSAUDIFANS: ??? 
#MOTM #Hazard #FACup #CFC https://t.co/RilCC9iwNT",90,2669,902,75915,MOTM,[]
31,Eden Hazard,Betint,betintTV,2018-04-22 19:55:06,False,False,,Pacific Time (US & Canada),None,Belgium international Eden Hazard has stressed that the Blues have not given up on their quest for a top-four finis… https://t.co/whcPbOfXOY,0,0,21,1997,None,"[{'url': 'https://t.co/whcPbOfXOY', 'expanded_url': 'https://twitter.com/i/web/status/988144182928793600', 'display_url': 'twitter.com/i/web/status/9…', 'indices': [117, 140]}]"
32,Eden Hazard,Mahmoud Elbanna,Dr_Lampo,2018-04-22 19:52:36,False,False,"Cairo, Egypt",Athens,None,"RT @CFCSAUDIFANS: ??? 
#MOTM #Hazard #FACup #CFC https://t.co/RilCC9iwNT",26636,2210,273,11782,MOTM,[]
33,Eden Hazard,Chelsea Footybot,cfcbot,2018-04-22 19:50:55,False,False,London UK,London,None,Eden Hazard reveals his #Chelsea #cfc @chelseafc targets for the season https://t.co/VZz19ELYTb #Hazard #EdenHazard,0,12,28,92412,Chelsea,"[{'url': 'https://t.co/VZz19ELYTb', 'expanded_url': 'https://www.eyefootball.com/r/37120', 'display_url': 'eyefootball.com/r/37120', 'indices': [72, 95]}]"
34,Eden Hazard,eyefootball.com,eyefootball,2018-04-22 19:50:53,False,False,"London, UK",London,None,Eden Hazard reveals his #Chelsea #cfc @chelseafc targets for the season https://t.co/MqunyPJwv0 #Hazard #EdenHazard @BBCSport @ESPNfc,135,97,4450,51259,Chelsea,"[{'url': 'https://t.co/MqunyPJwv0', 'expanded_url': 'https://www.eyefootball.com/r/37120', 'display_url': 'eyefootball.com/r/37120', 'indices': [72, 95]}]"
35,Eden Hazard,Gianni Izzo,gianniizzo81,2018-04-22 19:49:53,False,False,,None,None,"My prediction for next season, both #hazard and #dybala will be at Real next season",1810,704,171,5237,hazard,[]
36,Eden Hazard,JUX JUNIOR VIPOR,JVipor,2018-04-22 19:49:19,False,False,,None,None,"Unless you puke, faint or die never stop pushing hard #HAZARD https://t.co/yAwwG1Isk6",128,80,6,9,HAZARD,[]
37,Eden Hazard,Namratha Gowda ??,_Namratha_Gowda,2018-04-22 19:22:58,False,False,"Bengaluru, India",None,None,"Hazard's first touch and Giroud's impressive footwork ?? ??
#CHESOU #CFC #chelseaFC #FACup #Giroud #Hazard https://t.co/s4N5ub5ju7",1597,1413,413,1240,CHESOU,"[{'url': 'https://t.co/s4N5ub5ju7', 'expanded_url': 'https://twitter.com/amadoit__/status/988132753538502656', 'display_url': 'twitter.com/amadoit__/stat…', 'indices': [107, 130]}]"
38,Eden Hazard,??? ????  ?CFC?,wala1085,2018-04-22 19:13:56,False,False,?????? /??? (?????),Pacific Time (US & Canada),None,"RT @CFCSAUDIFANS: ??? 
#MOTM #Hazard #FACup #CFC https://t.co/RilCC9iwNT",79302,449,232,3779,MOTM,[]
39,Eden Hazard,Don Antonio,AussieChels30,2018-04-22 19:06:37,False,False,"Newcastle, Australia ",None,None,"RT @AussieChels30: Hazard was again On Form today always looked a threat going forward even a cheeky Rabona at 1 stage ????

No 1 prioity i…",1100,1271,671,671,None,[]
40,Willian,Respondi433,Respondi433,2018-04-22 20:22:31,False,False,"London, England",London,None,"I got the result right !

#Chelsea v #Southampton

It's a shame I dont gamble much ?

#Willian you nearly got that #goal, great attempt !",1225,3788,3134,685,Chelsea,[]
41,Willian,ZHEDEX,ZHEDEX1,2018-04-22 19:15:32,False,False,"Jawa Timur, Indonesia",None,None,"Gain Free Followers guaranteed! 
? https://t.co/zRePft3w8P ?
 #thunderstorm #Willian #RunAsOne4M @alex_geyser @twiceschungha",1089,691,389,1134,thunderstorm,"[{'url': 'https://t.co/zRePft3w8P', 'expanded_url': 'http://tinyurl.com/ycsokj9j#?/5XQY7tah106rgM4RbWjSxzJyZ', 'display_url': 'tinyurl.com/ycsokj9j#?/5XQ…', 'indices': [35, 58]}]"
42,Willian,Obalim Esedebe,Obalim,2018-04-22 19:02:40,False,False,Lagos,Arizona,None,Just In: Our Certification Training Schedule for May 2018 - https://t.co/nytW1MTUo5 #UnderDurex #curacoin #Willian,21,228,311,1275,UnderDurex,"[{'url': 'https://t.co/nytW1MTUo5', 'expanded_url': 'https://mailchi.mp/a1c49e8dc949/just-in-our-certification-training-schedule-for-may-2018', 'display_url': 'mailchi.mp/a1c49e8dc949/j…', 'indices': [60, 83]}]"
43,Willian,Ricky nelly,Rickkynelly,2018-04-22 18:50:23,False,False,Abuja Nigeria,None,None,"Seems like #Willian was not angry for being substituted, he just couldn't believe a whack player like #Bakayoko was… https://t.co/OM4Esj6zWD",7668,592,141,990,Willian,"[{'url': 'https://t.co/OM4Esj6zWD', 'expanded_url': 'https://twitter.com/i/web/status/988127895964016644', 'display_url': 'twitter.com/i/web/status/9…', 'indices': [117, 140]}]"
44,Willian,kazik boruch kurp gm kadzid?o . drugi tel781441420,BoruchKazik,2018-04-22 18:06:49,False,False,,None,None,"RT @Uzair_Ebay_UK: All cables in one listing, Iphone cable, Android cable
https://t.co/1lnykGzjBv

#MCISWA #CHESOU #bigpaintingchallenge #K…",296,185,40,12921,MCISWA,"[{'url': 'https://t.co/1lnykGzjBv', 'expanded_url': 'http://www.ebay.co.uk/itm/-/112955486507', 'display_url': 'ebay.co.uk/itm/-/11295548…', 'indices': [74, 97]}]"
45,Willian,Aniket Sansare,Er_AniketS,2018-04-22 18:02:40,False,False,Mumbai,None,None,"RT @VaiBhardwaj: ? Check out my thoughts from Wembley in my latest vlog including a look at:

1?? #Giroud
2?? #Morata
3?? #Willian

#CFC #S…",27010,82,265,23353,Giroud,[]
46,Willian,Uzair_Ebay_UK,Uzair_Ebay_UK,2018-04-22 18:01:01,False,False,London,Karachi,None,"All cables in one listing, Iphone cable, Android cable
https://t.co/1lnykGzjBv

#MCISWA #CHESOU… https://t.co/gkrOkVgHW8",1770,1517,405,660,MCISWA,"[{'url': 'https://t.co/1lnykGzjBv', 'expanded_url': 'http://www.ebay.co.uk/itm/-/112955486507', 'display_url': 'ebay.co.uk/itm/-/11295548…', 'indices': [55, 78]}, {'url': 'https://t.co/gkrOkVgHW8', 'expanded_url': 'https://twitter.com/i/web/status/988115473500983296', 'display_url': 'twitter.com/i/web/status/9…', 'indices': [97, 120]}]"
47,Willian,Emmanuel Archer,_chiefblue,2018-04-22 17:59:21,False,False,ghana,None,None,"RT @VaiBhardwaj: ? Check out my thoughts from Wembley in my latest vlog including a look at:

1?? #Giroud
2?? #Morata
3?? #Willian

#CFC #S…",1165,1660,488,1555,Giroud,[]
48,Willian,Vaishali Bhardwaj,VaiBhardwaj,2018-04-22 17:57:26,False,False,London,London,None,"? Check out my thoughts from Wembley in my latest vlog including a look at:

1?? #Giroud
2?? #Morata
3?? #Willian… https://t.co/Lm6M4RONtn",2970,1084,11342,13948,Giroud,"[{'url': 'https://t.co/Lm6M4RONtn', 'expanded_url': 'https://twitter.com/i/web/status/988114569896787970', 'display_url': 'twitter.com/i/web/status/9…', 'indices': [115, 138]}]"
49,Willian,Footy Zone HD,Footy_ZoneHD,2018-04-22 17:04:12,False,False,UNI,None,None,"Premier League Live - Manchester City 4-0 Swansea, Chelsea 2-0 Southampton, Arsenal 4-1 West Ham… https://t.co/uhcPqocFHa",76,38,35,1765,None,"[{'url': 'https://t.co/uhcPqocFHa', 'expanded_url': 'https://twitter.com/i/web/status/988101175701581824', 'display_url': 'twitter.com/i/web/status/9…', 'indices': [98, 121]}]"
50,Willian,Dennis Rono,RonoBrown,2018-04-22 16:19:21,False,False,,None,None,"#Willian
Substition unaccepted
@ChelseaFC",7,193,10,23,Willian,[]
51,Willian,footy90.com,footy90com,2018-04-22 16:01:06,False,False,Deutschland,Bern,None,"One Chelsea player left fuming after Conte substitution
 ? Football News: 

#player #willian #chelsea 
?? Retweet t… https://t.co/uv5eabE2ot",9038,17718,28262,245837,player,"[{'url': 'https://t.co/uv5eabE2ot', 'expanded_url': 'https://twitter.com/i/web/status/988085295534002177', 'display_url': 'twitter.com/i/web/status/9…', 'indices': [117, 140]}]"
52,Willian,BetYetu Uganda,BetYetuUg,2018-04-22 16:00:23,False,False,,Pacific Time (US & Canada),None,"Chelsea 2??-0?? Southampton |?https://t.co/eDjj8yfZuT
--
Who would you like to see win the FA Cup? ?
A. Manchester… https://t.co/ewvRG1XXNr",171,198,76,284,None,"[{'url': 'https://t.co/eDjj8yfZuT', 'expanded_url': 'http://bit.ly/2qgq4u3', 'display_url': 'bit.ly/2qgq4u3', 'indices': [30, 53]}, {'url': 'https://t.co/ewvRG1XXNr', 'expanded_url': 'https://twitter.com/i/web/status/988085113589202945', 'display_url': 'twitter.com/i/web/status/9…', 'indices': [116, 139]}]"
53,Willian,BetYetu_Ghana,betyetughana,2018-04-22 15:59:05,False,False,"Accra, Ghana",None,None,"Chelsea 2??-0?? Southampton |?https://t.co/4GQDBRYXEA
--
Who would you like to see win the FA Cup? ?
A. Manchester… https://t.co/TXiBOngCKm",134,136,321,1261,None,"[{'url': 'https://t.co/4GQDBRYXEA', 'expanded_url': 'http://bit.ly/2rVgkJJ', 'display_url': 'bit.ly/2rVgkJJ', 'indices': [30, 53]}, {'url': 'https://t.co/TXiBOngCKm', 'expanded_url': 'https://twitter.com/i/web/status/988084786328752128', 'display_url': 'twitter.com/i/web/status/9…', 'indices': [116, 139]}]"
54,Willian,BetYetu,betyetu,2018-04-22 15:58:06,False,False,"Nairobi, Kenya",Nairobi,None,"Chelsea 2??-0?? Southampton |?https://t.co/QW6ZvXTjEt
--
Who would you like to see win the FA Cup? ?
A. Manchester… https://t.co/Hhk6wRwJ8B",2575,186,7475,7241,None,"[{'url': 'https://t.co/QW6ZvXTjEt', 'expanded_url': 'http://bit.ly/2rZj7BM', 'display_url': 'bit.ly/2rZj7BM', 'indices': [30, 53]}, {'url': 'https://t.co/Hhk6wRwJ8B', 'expanded_url': 'https://twitter.com/i/web/status/988084539007356931', 'display_url': 'twitter.com/i/web/status/9…', 'indices': [116, 139]}]"
55,Willian,Saint Kyre,de_kyre,2018-04-22 15:33:05,False,False,"Nairobi,Kenya",Pacific Time (US & Canada),None,RT @FrankMatanji: @ChelseaFC I am still wondering why Conte decided to Sub #Willian for Bakayoko. Does he want us to lose?? #CHESOU,779,318,152,772,Willian,[]
56,Willian,Frankline Matanji,FrankMatanji,2018-04-22 15:31:19,False,False,"Bowling Green, OH",Nairobi,None,@ChelseaFC I am still wondering why Conte decided to Sub #Willian for Bakayoko. Does he want us to lose?? #CHESOU,142,1629,1684,2086,Willian,[]
57,Willian,Mark Johnson,majohnsonesq,2018-04-22 15:27:24,False,False,Here,America/New_York,None,RT @PhilPlanter: #Conte substitutes #Willian for #Bakayoko. Is he serious? This move makes no sense! Bakayoko adds no value to the Chelsea…,173,85,22,360,Conte,[]
58,Willian,GGZII,ZiiTwitch,2018-04-22 15:26:45,False,False,,UTC,None,"I know #Willian should be playing more and he is pissed off, but thats why that club has player power because hell… https://t.co/2497y6ZZfF",880,72,31,2229,Willian,"[{'url': 'https://t.co/2497y6ZZfF', 'expanded_url': 'https://twitter.com/i/web/status/988076651320958979', 'display_url': 'twitter.com/i/web/status/9…', 'indices': [116, 139]}]"
59,Willian,GGZII,ZiiTwitch,2018-04-22 15:26:32,False,False,,UTC,None,"#Chelsea are such a horrible team. They are winning a FA Cup semi final, they sub off #Willian, the crowd boo, the… https://t.co/w5bcrW2lYE",880,72,31,2229,Chelsea,"[{'url': 'https://t.co/w5bcrW2lYE', 'expanded_url': 'https://twitter.com/i/web/status/988076595842871296', 'display_url': 'twitter.com/i/web/status/9…', 'indices': [116, 139]}]"
60,Thibaut Courtois,soporte54,soporte54,2018-04-22 22:29:00,False,False,,Central Time (US & Canada),None,"RT @Univ_Deportivo: #Oblak? #Arrizabalaga? #DeGea? #Courtois?

Hay #Keylor ?? para rato en Real Madrid C.F. ???https://t.co/eSaWQBbfLu http…",13331,2874,453,73886,Oblak,"[{'url': 'https://t.co/eSaWQBbfLu', 'expanded_url': 'http://eluni.mx/kak7b24s', 'display_url': 'eluni.mx/kak7b24s', 'indices': [111, 134]}]"
61,Thibaut Courtois,Universal Deportes,UD_UnivDeportes,2018-04-22 20:34:39,False,False,México,Central Time (US & Canada),None,"#Oblak? #Arrizabalaga? #DeGea? #Courtois?

Hay #Keylor ?? para rato en Real Madrid C.F. ???https://t.co/eSaWQBbfLu https://t.co/2ZxqvFqa2W",226,328,56101,113558,Oblak,"[{'url': 'https://t.co/eSaWQBbfLu', 'expanded_url': 'http://eluni.mx/kak7b24s', 'display_url': 'eluni.mx/kak7b24s', 'indices': [91, 114]}]"
62,Thibaut Courtois,Baxbbota 9,baxbbota,2018-04-22 20:02:16,False,False,,None,None,RT @sjstandardsport: Been told no injury to #Courtois...just selection...Caballero has started every #FACup game but still strange he's not…,54742,826,228,33676,Courtois,[]
63,Thibaut Courtois,Ian Kimber,OnsideLTD,2018-04-22 18:17:23,False,False,London,None,None,RT @sjstandardsport: Been told no injury to #Courtois...just selection...Caballero has started every #FACup game but still strange he's not…,5470,562,314,2715,Courtois,[]
64,Thibaut Courtois,™Say_Chelsea™,Absteviano,2018-04-22 14:59:10,False,False, ,None,None,RT @sjstandardsport: Been told no injury to #Courtois...just selection...Caballero has started every #FACup game but still strange he's not…,19154,1239,1455,51300,Courtois,[]
65,Thibaut Courtois,Augustine Thomford,Ebo_Pedrito,2018-04-22 14:56:46,False,False,Accra Ghana.,Pacific Time (US & Canada),None,RT @sjstandardsport: Been told no injury to #Courtois...just selection...Caballero has started every #FACup game but still strange he's not…,40652,233,621,132080,Courtois,[]
66,Thibaut Courtois,guadalupe mendozza,furher_hitler,2018-04-22 14:51:49,False,False,nairobi kenya,None,None,RT @sjstandardsport: Been told no injury to #Courtois...just selection...Caballero has started every #FACup game but still strange he's not…,1534,2004,1444,33529,Courtois,[]
67,Thibaut Courtois,jaseee6738,jaseee6738,2018-04-22 14:50:51,False,False,,None,None,RT @sjstandardsport: Been told no injury to #Courtois...just selection...Caballero has started every #FACup game but still strange he's not…,184,44,6,286,Courtois,[]
68,Thibaut Courtois,MagicalMorata,magical_morata,2018-04-22 14:46:28,False,False,"Castleford, England",None,None,RT @sjstandardsport: Been told no injury to #Courtois...just selection...Caballero has started every #FACup game but still strange he's not…,31115,290,318,11790,Courtois,[]
69,Thibaut Courtois,BlueGladiator,i_am_goldbouy,2018-04-22 13:57:08,False,False,"Lagos, Nigeria",None,None,RT @sjstandardsport: Been told no injury to #Courtois...just selection...Caballero has started every #FACup game but still strange he's not…,21820,2415,1371,21421,Courtois,[]
70,Thibaut Courtois,Himanshu Arora,Himanshu_1607,2018-04-22 13:53:05,False,False,,None,None,RT @sjstandardsport: Been told no injury to #Courtois...just selection...Caballero has started every #FACup game but still strange he's not…,2639,705,66,3632,Courtois,[]
71,Thibaut Courtois,gyamfi owusu k isaac,SupremmoK,2018-04-22 13:52:50,False,False,KUMASI-GHANA,None,None,RT @sjstandardsport: Been told no injury to #Courtois...just selection...Caballero has started every #FACup game but still strange he's not…,1054,323,348,7501,Courtois,[]
72,Thibaut Courtois,Dylan O' Sullivan,nigel_dylan,2018-04-22 13:51:17,False,False,"Cork, Ireland",None,None,RT @sjstandardsport: Been told no injury to #Courtois...just selection...Caballero has started every #FACup game but still strange he's not…,48,996,567,39702,Courtois,[]
73,Thibaut Courtois,Farhan Afiq J,huntzhanz,2018-04-22 13:51:15,False,False,Twiceland,None,None,RT @sjstandardsport: Been told no injury to #Courtois...just selection...Caballero has started every #FACup game but still strange he's not…,5989,1700,335,23812,Courtois,[]
74,Thibaut Courtois,El Mágico,kidda786,2018-04-22 13:48:04,False,False,"England, United Kingdom",None,None,RT @sjstandardsport: Been told no injury to #Courtois...just selection...Caballero has started every #FACup game but still strange he's not…,11024,306,104,5743,Courtois,[]
75,Thibaut Courtois,Abel,Abel_jaysonn,2018-04-22 13:46:32,False,False,,None,None,RT @sjstandardsport: Been told no injury to #Courtois...just selection...Caballero has started every #FACup game but still strange he's not…,7143,1242,396,4896,Courtois,[]
76,Thibaut Courtois,jose jgnacio,JgnacioJose,2018-04-22 13:46:30,False,False,,None,None,@ChelseaFcMI @SotonfcMI Me desprenderia d #courtois y #hazard este x @GarethBale11 y @marcosllorente  #conte le dejaria q acabara su trabajo,2872,595,233,24789,courtois,[]
77,Thibaut Courtois,Jennifer ??,chelseamex,2018-04-22 13:45:12,False,False,,Central Time (US & Canada),None,RT @sjstandardsport: Been told no injury to #Courtois...just selection...Caballero has started every #FACup game but still strange he's not…,38540,3136,5134,101024,Courtois,[]
78,Thibaut Courtois,Simon Johnson,sjstandardsport,2018-04-22 13:43:52,False,False,,None,None,Been told no injury to #Courtois...just selection...Caballero has started every #FACup game but still strange he's not even on the bench,226,214,15724,11273,Courtois,[]
79,Thibaut Courtois,Pack Muchi™,PackMuchi,2018-04-22 13:37:26,False,False,"Haiti, Central America",None,None,@ChelseaRealm Cabo is better that #Courtois in cup competitions ; he can save spot kicks.,660,737,279,8373,Courtois,[]
80,N'Golo Kante,#Sohailio Jo Ka,Sohailio,2018-04-22 22:53:15,False,False,EGYPT made in KSA,Riyadh,None,"The past three seasons, The award has been won by #Muslim players ?
?????? ????? ??????? ??? ????????  ?????? ?????… https://t.co/a8wGreaqeR",815,877,323,6268,Muslim,"[{'url': 'https://t.co/a8wGreaqeR', 'expanded_url': 'https://twitter.com/i/web/status/988189015085117440', 'display_url': 'twitter.com/i/web/status/9…', 'indices': [117, 140]}]"
81,N'Golo Kante,#Sohailio Jo Ka,Sohailio,2018-04-22 22:53:10,False,False,EGYPT made in KSA,Riyadh,None,"The past three seasons, The award has been won by #Muslim players ?
?????? ????? ??????? ??? ????????  ?????? ?????… https://t.co/6pjWA2eBlm",815,877,323,6268,Muslim,"[{'url': 'https://t.co/6pjWA2eBlm', 'expanded_url': 'https://twitter.com/i/web/status/988188993694175235', 'display_url': 'twitter.com/i/web/status/9…', 'indices': [117, 140]}]"
82,N'Golo Kante,ShowoffMoaath,ShowoffMoaath,2018-04-22 22:08:23,False,False,San Francisco,Pacific Time (US & Canada),None,Congrats to @22mosalah on the @PFA awards! I know @nglkante is a french international but he's a brother still. Tha… https://t.co/bXm7f1akgu,382,1477,305,938,None,"[{'url': 'https://t.co/bXm7f1akgu', 'expanded_url': 'https://twitter.com/i/web/status/988177723645308928', 'display_url': 'twitter.com/i/web/status/9…', 'indices': [117, 140]}]"
83,N'Golo Kante,Viv,27Viv,2018-04-22 19:03:26,False,False,London,London,None,@nglkante could disposses Isis of hostages and they wouldn't even know #kante #whyishe7though,1197,782,167,5583,kante,[]
84,N'Golo Kante,Siddharth,Siddharthesquee,2018-04-22 18:56:22,False,False,,Mumbai,None,So now the last 3 POTY winners are all Muslims #Mahrez #kante #salah,2431,113,162,6631,Mahrez,[]
85,N'Golo Kante,footy90.com,footy90com,2018-04-22 17:11:02,False,False,Deutschland,Bern,None,"N'Golo Kante overshadows Cesc Fabregas in Chelsea midfield
 ? Football News: 

#ngolo #chelsea #kante 
?? Retweet t… https://t.co/NyLsHUUnhI",9038,17718,28262,245839,ngolo,"[{'url': 'https://t.co/NyLsHUUnhI', 'expanded_url': 'https://twitter.com/i/web/status/988102891394215936', 'display_url': 'twitter.com/i/web/status/9…', 'indices': [117, 140]}]"
86,N'Golo Kante,SuperFrankieLampard,LovingLegend08,2018-04-22 15:49:47,False,False,"Bangalore,India",Chennai,None,#Hazard MOTM...but #Kante was exceptional as well...#CHESOU #FACupSemiFinals #CFC,5173,5339,8332,18301,Hazard,[]
87,N'Golo Kante,Dominic,PkayDominic,2018-04-22 15:47:06,False,False,h-town,Arizona,None,@ChelseaFC #kante and #kratos same person #beast,1533,807,1228,3150,kante,[]
88,N'Golo Kante,Dominic,PkayDominic,2018-04-22 15:14:28,False,False,h-town,Arizona,None,@ChelseaFC thats what happens when you are losing...if you dont get the ball get the player....#giroud #hazard… https://t.co/yTAzPlfIL5,1533,807,1228,3150,giroud,"[{'url': 'https://t.co/yTAzPlfIL5', 'expanded_url': 'https://twitter.com/i/web/status/988073557010931715', 'display_url': 'twitter.com/i/web/status/9…', 'indices': [112, 135]}]"
89,N'Golo Kante,Gaja (Mr. Lazy),gajananmalke9,2018-04-22 14:40:28,False,False,Mumbai,Mumbai,None,I can see only one player #Kante,6604,549,273,12467,Kante,[]
90,N'Golo Kante,Fredrik Nylund,fredomdet,2018-04-22 14:25:19,False,False,,None,None,"#SouthamptonFC winning the ball as #Kanté bursts forward is a good opportunity for them.
#CHESOU #FACup",17890,262,201,10543,SouthamptonFC,[]
91,N'Golo Kante,TEMITAYO AKEEM,Goldnetonline,2018-04-22 14:18:56,False,False,Lagos,Africa/Lagos,None,#CHESOT #Kante,165,1901,638,103835,CHESOT,[]
92,N'Golo Kante,NDIZEYELionel??,NdizeyeLionelJr,2018-04-22 12:18:53,False,False,Kigali/Rwanda,None,None,"@ChelseaFC @ChelseaFC 
#Cech

#AshleyCole
#Terry
#Cahil
#Azpilcueta

#Essien
#Kante

#Hazard
#Lampard
#Balack… https://t.co/2G39FVe4Su",24769,760,279,1964,Cech,"[{'url': 'https://t.co/2G39FVe4Su', 'expanded_url': 'https://twitter.com/i/web/status/988029373373706241', 'display_url': 'twitter.com/i/web/status/9…', 'indices': [111, 134]}]"
93,N'Golo Kante,Aguero fc,oreugafr,2018-04-22 10:23:30,False,False,,None,None,"RT @ibarbinho: N'Golo #Kanté à l'#OL, pourquoi pas afin de renforcer le milieu de terrain",1866,80,68,3176,Kanté,[]
94,N'Golo Kante,Nick,NickDX13,2018-04-22 09:13:53,False,False,Australia,Melbourne,None,@miniminter @TBJZL Potential Chelsea kits for you two? #Giroud #Kante https://t.co/n4GrbS3OqK,1010,782,63,224,Giroud,[]
95,N'Golo Kante,#  G  O  N  E B.®????,tolissotom,2018-04-22 01:15:39,False,False,"Lyon, France",None,None,"RT @ibarbinho: N'Golo #Kanté à l'#OL, pourquoi pas afin de renforcer le milieu de terrain",9888,1904,751,42990,Kanté,[]
96,N'Golo Kante,Shelby,_Scampia,2018-04-22 01:07:28,False,False,93,Paris,None,"RT @ibarbinho: N'Golo #Kanté à l'#OL, pourquoi pas afin de renforcer le milieu de terrain",7549,258,796,84322,Kanté,[]
97,N'Golo Kante,Raphaël ??,ibarbinho,2018-04-22 01:01:18,False,False,"Décines-Charpieu, France",Paris,None,"RT @ibarbinho: N'Golo #Kanté à l'#OL, pourquoi pas afin de renforcer le milieu de terrain",38781,308,2209,93679,Kanté,[]
98,N'Golo Kante,SoccerCards.ca,soccercardsca,2018-04-22 17:30:23,False,False,"Guelph, Ontario",Eastern Time (US & Canada),None,"#HappyBirthday to David #Luiz - turning 31 today! #HBD

Featured: 2015-16 #Topps #ChampionsLeague Showcase… https://t.co/GuJhbzwd3N",7,43,54,1122,HappyBirthday,"[{'url': 'https://t.co/GuJhbzwd3N', 'expanded_url': 'https://twitter.com/i/web/status/988107764235980801', 'display_url': 'twitter.com/i/web/status/9…', 'indices': [108, 131]}]"
99,N'Golo Kante,Aniket Sansare,Er_AniketS,2018-04-22 16:01:53,False,False,Mumbai,None,None,"RT @_Namratha_Gowda: Day 5

I am gonna tweet to @davidluiz_4 every single day till he notices me and sends me something that belongs to him…",27010,82,265,23353,None,[]
100,N'Golo Kante,Namratha Gowda ??,_Namratha_Gowda,2018-04-22 16:01:33,False,False,"Bengaluru, India",None,None,"Day 5

I am gonna tweet to @davidluiz_4 every single day till he notices me and sends me something that belongs to… https://t.co/gbssZZtrkV",1597,1413,413,1240,None,"[{'url': 'https://t.co/gbssZZtrkV', 'expanded_url': 'https://twitter.com/i/web/status/988085408121671682', 'display_url': 'twitter.com/i/web/status/9…', 'indices': [116, 139]}]"
101,N'Golo Kante,Toby,Toby_Egden,2018-04-22 13:54:12,False,False,,None,None,Happy birthday @DavidLuiz_4 hope you have the best day!! Love you!! #geezer #luiz #davidluiz,1444,112,171,952,geezer,[]
102,N'Golo Kante,Footie Spot,FootieSpot,2018-04-22 12:10:59,False,False,,London,None,"Happy Birthday David Luiz. ?

#luiz #brazil #birthday #birthdayboy #footiespot #chelsea #davidluiz #futbol #soccer… https://t.co/bCRRvuiIt0",4,230,483,1430,luiz,"[{'url': 'https://t.co/bCRRvuiIt0', 'expanded_url': 'https://twitter.com/i/web/status/988027382245273600', 'display_url': 'twitter.com/i/web/status/9…', 'indices': [116, 139]}]"
103,N'Golo Kante,MAKV,MAKVG,2018-04-22 09:27:58,False,False,India-perinthalmanna,New Delhi,None,Best Goals 2018 | Reminding Ronaldinho and Ronaldo and Battistuta and Messi Maradona https://t.co/tRgiUJsFQH… https://t.co/ZclMppLlkK,5763,4920,2078,27324,None,"[{'url': 'https://t.co/tRgiUJsFQH', 'expanded_url': 'https://www.youtube.com/watch?v=2aGuqFrmmPU&feature=youtu.be', 'display_url': 'youtube.com/watch?v=2aGuqF…', 'indices': [85, 108]}, {'url': 'https://t.co/ZclMppLlkK', 'expanded_url': 'https://twitter.com/i/web/status/987986358529486849', 'display_url': 'twitter.com/i/web/status/9…', 'indices': [110, 133]}]"
104,N'Golo Kante,Debut.gr,debut_gr,2018-04-22 09:00:04,False,False,"??????, ?????",None,None,????????? ???? ??? ???????? ???????. ?????? ????? David Luiz #Luiz #Chelsea #Debut #bday https://t.co/XzpyxonrK0,0,44,4,501,Luiz,"[{'url': 'https://t.co/XzpyxonrK0', 'expanded_url': 'https://youtu.be/7GABnWZFboI', 'display_url': 'youtu.be/7GABnWZFboI', 'indices': [89, 112]}]"
105,N'Golo Kante,PRINCE?,iam_peddy,2018-04-22 08:40:45,False,False,i can be anywhere,Tijuana,None,"@ChelseaFC @DavidLuiz_4 happy birthday to the man that always make a difference when on the pitch #luiz, more strength to u",415,3475,5539,7891,luiz,[]
106,N'Golo Kante,Idou,idou60826097,2018-04-22 08:00:45,False,False,,None,None,@ChelseaFC @DavidLuiz_4 Happy Birthday #Luiz,31,1769,149,42,Luiz,[]
107,N'Golo Kante,Sra°Afronta??,UmAmorzinhoo1,2018-04-22 05:52:07,False,False,,None,None,"#Ooh Tem Mais Bala Pra Lá #
#Luiz Aquilo É Um Espelho #????????
Melhor Diaaaa 
@MarinaOlioti",235,267,221,351,Ooh,[]
108,N'Golo Kante,Davi Bernardo,davibernardo84,2018-04-22 03:09:04,False,False,Rio de Janeiro,Brasilia,None,"Você errou #luiz e matou o #Lula que agora esta na cadeia, esperamos que fique preso pra sempre! https://t.co/qMtb6A0iQL",1,2084,442,3742,luiz,"[{'url': 'https://t.co/qMtb6A0iQL', 'expanded_url': 'https://www.facebook.com/davi.bernardo84/videos/2170729692942269/', 'display_url': 'facebook.com/davi.bernardo8…', 'indices': [97, 120]}]"
109,N'Golo Kante,Gabi,sereialima_,2018-04-22 00:29:16,False,False,"Rio de Janeiro, Brasil",None,"{'type': 'Point', 'coordinates': [-22.75831469, -43.44757873]}",#Luiz (@ Nova Iguaçu - @prefnovaiguacu in RJ w/ @mtsaraujo7 @mimlima_) https://t.co/4rOCHhxbSm,1520,238,304,4893,Luiz,"[{'url': 'https://t.co/4rOCHhxbSm', 'expanded_url': 'https://www.swarmapp.com/c/7P2uTe1Nuh7', 'display_url': 'swarmapp.com/c/7P2uTe1Nuh7', 'indices': [71, 94]}]"
110,David Luiz,Hugo Felacio,HugoFelacio,2018-04-22 21:53:05,False,False,"São Paulo, Brasil",None,None,Parabens... Deus te abencoe David Luiz @DavidLuiz_4 #davidluiz ????????? https://t.co/CdTZO3Am2I,780,280,21,381,davidluiz,[]
111,David Luiz,Paris SGold,ParisSgold,2018-04-22 20:30:30,False,False,"Ile-de-France, France",None,None,"RT @UltrasParis1997: ?? Joyeux anniversaire... @DavidLuiz_4 ?? ??
? 31 ans aujourd’hui 
? Nous te souhaitons un très bon anniversaire !
? #…",1136,14,22,1162,None,[]
112,David Luiz,HITC Premier League,HITCepl,2018-04-22 18:30:07,False,False,London,None,None,RT @HITCnewcastle: Newcastle United want David Luiz to be signed from Chelsea #newcastleunitedfc #nufc #premierleague #davidluiz https://t.…,3,30,1999,135043,newcastleunitedfc,[]
113,David Luiz,HITC NUFC Empire,HITCnewcastle,2018-04-22 18:30:03,False,False,Newcastle,None,None,Newcastle United want David Luiz to be signed from Chelsea #newcastleunitedfc #nufc #premierleague #davidluiz https://t.co/GSFarZ6sNZ,0,8,148,18004,newcastleunitedfc,"[{'url': 'https://t.co/GSFarZ6sNZ', 'expanded_url': 'http://www.hitc.com/en-gb/2018/04/22/newcastle-united-want-david-luiz-to-be-signed-from-chelsea/?utm_medium=share%20service&utm_campaign=social%20media&utm_source=twitter&utm_content=HITCnewcastle', 'display_url': 'hitc.com/en-gb/2018/04/…', 'indices': [110, 133]}]"
114,David Luiz,E.... ?,Geezers_sz,2018-04-22 18:14:04,False,False,,Pacific Time (US & Canada),None,"RT @itaipavaarenafn: Hoje é dia de homenagear nosso grande zagueiro brasileiro, David Luiz, que teve passagens pelo Benfica, PSG, Vitória e…",22838,561,732,45797,None,[]
115,David Luiz,Mel,melechelon18,2018-04-22 18:00:52,False,False,,None,None,"RT @futebol_magic: SE LIGA: #Parabéns a #Davidluiz que hoje completa 31 anos com alguns #títulos como #championsleague, #premierleague, #eu…",13018,450,455,19322,Parabéns,[]
116,David Luiz,Magic Futebol,futebol_magic,2018-04-22 18:00:12,False,False,,None,None,"SE LIGA: #Parabéns a #Davidluiz que hoje completa 31 anos com alguns #títulos como #championsleague, #premierleague… https://t.co/0Z52r1nQ9D",88,111,53,1591,Parabéns,"[{'url': 'https://t.co/0Z52r1nQ9D', 'expanded_url': 'https://twitter.com/i/web/status/988115266470076416', 'display_url': 'twitter.com/i/web/status/9…', 'indices': [117, 140]}]"
117,David Luiz,?Y-E??,ERICMISSE2,2018-04-22 17:41:00,False,False,Douala  cameroun            ,Pacific Time (US & Canada),None,"RT @UltrasParis1997: ?? Joyeux anniversaire... @DavidLuiz_4 ?? ??
? 31 ans aujourd’hui 
? Nous te souhaitons un très bon anniversaire !
? #…",3489,525,495,16942,None,[]
118,David Luiz,evilways,myevilways_,2018-04-22 17:36:51,False,False,"?stanbul, Türkiye",Quito,None,"Ya sabahtan beri bu payla??m? bekliyorum SONUNDA ??
#davidluiz #thiagosilva https://t.co/aeYaP8NEmi",34264,127,2043,65484,davidluiz,[]
119,David Luiz,SoccerCards.ca,soccercardsca,2018-04-22 17:30:23,False,False,"Guelph, Ontario",Eastern Time (US & Canada),None,"#HappyBirthday to David #Luiz - turning 31 today! #HBD

Featured: 2015-16 #Topps #ChampionsLeague Showcase… https://t.co/GuJhbzwd3N",7,43,54,1122,HappyBirthday,"[{'url': 'https://t.co/GuJhbzwd3N', 'expanded_url': 'https://twitter.com/i/web/status/988107764235980801', 'display_url': 'twitter.com/i/web/status/9…', 'indices': [108, 131]}]"
120,David Luiz,U????s P???s 1997,UltrasParis1997,2018-04-22 16:34:37,False,False,Parc des Princes,Pacific Time (US & Canada),None,"RT @UltrasParis1997: ?? Joyeux anniversaire... @DavidLuiz_4 ?? ??
? 31 ans aujourd’hui 
? Nous te souhaitons un très bon anniversaire !
? #…",10274,187,500,3578,None,[]
121,David Luiz,Regina Phalange,heloisaarocha,2018-04-22 16:29:38,False,False,,None,None,"- ele fez parte da minha fase de amadurecimento, e foi essencial.
Sem dúvidas é o meu predileto! Pode não estar sen… https://t.co/uOtwoDkGSP",991,125,88,411,None,"[{'url': 'https://t.co/uOtwoDkGSP', 'expanded_url': 'https://twitter.com/i/web/status/988092473720344576', 'display_url': 'twitter.com/i/web/status/9…', 'indices': [117, 140]}]"
122,David Luiz,Aniket Sansare,Er_AniketS,2018-04-22 16:01:53,False,False,Mumbai,None,None,"RT @_Namratha_Gowda: Day 5

I am gonna tweet to @davidluiz_4 every single day till he notices me and sends me something that belongs to him…",27010,82,265,23353,None,[]
123,David Luiz,Namratha Gowda ??,_Namratha_Gowda,2018-04-22 16:01:33,False,False,"Bengaluru, India",None,None,"Day 5

I am gonna tweet to @davidluiz_4 every single day till he notices me and sends me something that belongs to… https://t.co/gbssZZtrkV",1597,1413,413,1240,None,"[{'url': 'https://t.co/gbssZZtrkV', 'expanded_url': 'https://twitter.com/i/web/status/988085408121671682', 'display_url': 'twitter.com/i/web/status/9…', 'indices': [116, 139]}]"
124,David Luiz,Ste,De_Fortunna,2018-04-22 14:55:48,False,False,021/ ZO,Pacific Time (US & Canada),None,"Que ele seja feliz e que consiga conquista todos os objetivos e isso #Parabenspracoisamaislinda
#DavidLuiz",23526,621,729,29245,Parabenspracoisamaislinda,[]
125,David Luiz,Itaipava Fonte Nova,itaipavaarenafn,2018-04-22 14:00:30,False,False,,Brasilia,None,"Hoje é dia de homenagear nosso grande zagueiro brasileiro, David Luiz, que teve passagens pelo Benfica, PSG, Vitóri… https://t.co/Aa4vwPkKAe",235,199,21498,16144,None,"[{'url': 'https://t.co/Aa4vwPkKAe', 'expanded_url': 'https://twitter.com/i/web/status/988054942077390848', 'display_url': 'twitter.com/i/web/status/9…', 'indices': [117, 140]}]"
126,David Luiz,Toby,Toby_Egden,2018-04-22 13:54:12,False,False,,None,None,Happy birthday @DavidLuiz_4 hope you have the best day!! Love you!! #geezer #luiz #davidluiz,1444,112,171,952,geezer,[]
127,David Luiz,Footie Spot,FootieSpot,2018-04-22 12:10:59,False,False,,London,None,"Happy Birthday David Luiz. ?

#luiz #brazil #birthday #birthdayboy #footiespot #chelsea #davidluiz #futbol #soccer… https://t.co/bCRRvuiIt0",4,230,483,1430,luiz,"[{'url': 'https://t.co/bCRRvuiIt0', 'expanded_url': 'https://twitter.com/i/web/status/988027382245273600', 'display_url': 'twitter.com/i/web/status/9…', 'indices': [116, 139]}]"
128,David Luiz,U????s P???s 1997,UltrasParis1997,2018-04-22 11:48:28,False,False,Parc des Princes,Pacific Time (US & Canada),None,"?? Joyeux anniversaire... @DavidLuiz_4 ?? ??
? 31 ans aujourd’hui 
? Nous te souhaitons un très bon anniversaire !… https://t.co/uS5jkvibvP",10274,187,500,3578,None,"[{'url': 'https://t.co/uS5jkvibvP', 'expanded_url': 'https://twitter.com/i/web/status/988021717229588480', 'display_url': 'twitter.com/i/web/status/9…', 'indices': [116, 139]}]"
129,David Luiz,georgia stanley,georgiaDMS,2018-04-22 11:10:58,False,False,,None,None,Happy birthday Geezer ?? hope you have a good day @davidluiz_4 #davidluiz #davidluiz_4 #cfc… https://t.co/dBraU9gAGT,15949,424,266,3117,davidluiz,"[{'url': 'https://t.co/dBraU9gAGT', 'expanded_url': 'https://www.instagram.com/p/Bh3t0bFljrP/', 'display_url': 'instagram.com/p/Bh3t0bFljrP/', 'indices': [93, 116]}]"
130,Cesc Fabregas,Arsenal forever,twit_arsenal92,2018-04-22 21:11:41,False,False,,None,None,#arsenal #arsene #wenger #ramsey #ozil #ARSvWHU  #PremierLeague #Lacazette #Aubameyang #Welbeck #iwobi #mustafi… https://t.co/w0p4oUhCdx,2,282,100,4,arsenal,"[{'url': 'https://t.co/w0p4oUhCdx', 'expanded_url': 'https://twitter.com/i/web/status/988163454975512576', 'display_url': 'twitter.com/i/web/status/9…', 'indices': [113, 136]}]"
131,Cesc Fabregas,Arsenal forever,twit_arsenal92,2018-04-22 21:10:59,False,False,,None,None,#arsenal #arsene #wenger #ramsey #ozil #ARSvWHU  #PremierLeague #Lacazette #Aubameyang #Welbeck #iwobi #mustafi… https://t.co/17cDYQwaeG,2,282,100,4,arsenal,"[{'url': 'https://t.co/17cDYQwaeG', 'expanded_url': 'https://twitter.com/i/web/status/988163277451661314', 'display_url': 'twitter.com/i/web/status/9…', 'indices': [113, 136]}]"
132,Cesc Fabregas,Arsenal forever,twit_arsenal92,2018-04-22 21:00:00,False,False,,None,None,#arsenal #arsene #wenger #ramsey #ozil #ARSvWHU  #PremierLeague #Lacazette #Aubameyang #Welbeck #iwobi #mustafi… https://t.co/MQStLMWuvg,2,282,100,4,arsenal,"[{'url': 'https://t.co/MQStLMWuvg', 'expanded_url': 'https://twitter.com/i/web/status/988160512797102081', 'display_url': 'twitter.com/i/web/status/9…', 'indices': [113, 136]}]"
133,Cesc Fabregas,Cartoonists' Club,CartoonistsGB,2018-04-22 19:00:39,False,False,Great Britain,London,None,RT @SteveMcGarry: So Arsene Wenger will leave Arsenal this summer. I used to enjoy featuring him in my Premier League High series in Shoo…,1410,975,2663,2967,None,[]
134,Cesc Fabregas,pinkster 2??6???,THECFCNUTTER,2018-04-22 18:13:46,False,False,,None,None,It’s funny how #fabregas turned up today? Piss poor for ages! Smells like he will turn up if there’s something to p… https://t.co/JFTdQC2KCV,1156,1236,1671,9337,fabregas,"[{'url': 'https://t.co/JFTdQC2KCV', 'expanded_url': 'https://twitter.com/i/web/status/988118681958993921', 'display_url': 'twitter.com/i/web/status/9…', 'indices': [117, 140]}]"
135,Cesc Fabregas,danson kairu,dansonkairu,2018-04-22 15:32:49,False,False,NAIROBI KENYA,Nairobi,None,Chelsea sub: #Pedro replaces his compatriot #Fabregas. 1-0 [76'],98,527,243,9646,Pedro,[]
136,Cesc Fabregas,Dominic,PkayDominic,2018-04-22 15:14:28,False,False,h-town,Arizona,None,@ChelseaFC thats what happens when you are losing...if you dont get the ball get the player....#giroud #hazard… https://t.co/yTAzPlfIL5,1533,807,1228,3150,giroud,"[{'url': 'https://t.co/yTAzPlfIL5', 'expanded_url': 'https://twitter.com/i/web/status/988073557010931715', 'display_url': 'twitter.com/i/web/status/9…', 'indices': [112, 135]}]"
137,Cesc Fabregas,Jordan Collins,cordanjollins,2018-04-22 15:04:19,False,False,"Colorado, USA",Eastern Time (US & Canada),None,"#fabregas - #hazard - #giroud
Great team goal! #chelseafc #ktbffh #FACup",709,859,342,1506,fabregas,[]
138,Cesc Fabregas,Angkrish Chhabria,AngkrishC,2018-04-22 14:48:50,False,False,,None,None,Is it just me or Costa leaving has affected Fabregas the most. He can't make those trade mark passes which were so… https://t.co/424jYFnrvQ,1337,389,162,493,None,"[{'url': 'https://t.co/424jYFnrvQ', 'expanded_url': 'https://twitter.com/i/web/status/988067108704501765', 'display_url': 'twitter.com/i/web/status/9…', 'indices': [116, 139]}]"
139,Cesc Fabregas,Fredrik Nylund,fredomdet,2018-04-22 14:12:15,False,False,,None,None,"Can #Fàbregas find that cutting edge pass against a very low defense? #CFC
#CHESOU #FACup",17890,262,201,10543,Fàbregas,[]
140,Cesc Fabregas,The Kitman ???,TheKitmanUK,2018-04-22 07:30:21,False,False,"Bristol, England",London,None,"Checkout this Arsenal Home Shirt 2008-10 Fabregas (Medium Mens) - https://t.co/X5MCBAbJyN 

#2008/10 #Arsenal… https://t.co/xAs0KXj6ci",11548,5001,2697,30138,Arsenal,"[{'url': 'https://t.co/X5MCBAbJyN', 'expanded_url': 'http://tinyurl.com/y8vy2f46', 'display_url': 'tinyurl.com/y8vy2f46', 'indices': [66, 89]}, {'url': 'https://t.co/xAs0KXj6ci', 'expanded_url': 'https://twitter.com/i/web/status/987956761188536322', 'display_url': 'twitter.com/i/web/status/9…', 'indices': [111, 134]}]"
141,Tiemoue Bakayoko,BLANCHARD,loblanchard13,2018-04-22 22:25:31,False,False,Vaucluse,None,None,RT @JeanLombardozzi: La Une de @laprovence des Sports ce lundi 23 avril 2018 #OM @orangevelodrome complet pour #OM #Salzbourg en @LigueEuro…,803,260,739,3076,OM,[]
142,Tiemoue Bakayoko,Quentin Gil,GILQuentin1,2018-04-22 21:53:32,False,False,France,Paris,None,RT @JeanLombardozzi: La Une de @laprovence des Sports ce lundi 23 avril 2018 #OM @orangevelodrome complet pour #OM #Salzbourg en @LigueEuro…,10,453,146,2099,OM,[]
143,Tiemoue Bakayoko,OMarseglia,OMarseglia13,2018-04-22 21:29:30,False,False,"Marseille, France",Paris,None,RT @JeanLombardozzi: La Une de @laprovence des Sports ce lundi 23 avril 2018 #OM @orangevelodrome complet pour #OM #Salzbourg en @LigueEuro…,3558,616,126,2642,OM,[]
144,Tiemoue Bakayoko,Michael,Michom15,2018-04-22 20:22:44,False,False,,Brussels,None,RT @JeanLombardozzi: La Une de @laprovence des Sports ce lundi 23 avril 2018 #OM @orangevelodrome complet pour #OM #Salzbourg en @LigueEuro…,1434,365,38,1312,OM,[]
145,Tiemoue Bakayoko,Alexomile,alexomile,2018-04-22 20:18:08,False,False,Marseille,Paris,None,RT @JeanLombardozzi: La Une de @laprovence des Sports ce lundi 23 avril 2018 #OM @orangevelodrome complet pour #OM #Salzbourg en @LigueEuro…,4,126,572,41464,OM,[]
146,Tiemoue Bakayoko,Adrien,Marseillais3_1,2018-04-22 19:54:06,False,False,"Nord, Nord-Pas-de-Calais",Pacific Time (US & Canada),None,RT @JeanLombardozzi: La Une de @laprovence des Sports ce lundi 23 avril 2018 #OM @orangevelodrome complet pour #OM #Salzbourg en @LigueEuro…,54,181,12,75,OM,[]
147,Tiemoue Bakayoko,olympienne13,vanessahidalg13,2018-04-22 19:53:57,False,False,"Tourlaville, France",None,None,RT @JeanLombardozzi: La Une de @laprovence des Sports ce lundi 23 avril 2018 #OM @orangevelodrome complet pour #OM #Salzbourg en @LigueEuro…,2897,956,68,2782,OM,[]
148,Tiemoue Bakayoko,Pastaga,PastagaDST,2018-04-22 19:52:28,False,False,Marseille,Paris,None,RT @JeanLombardozzi: La Une de @laprovence des Sports ce lundi 23 avril 2018 #OM @orangevelodrome complet pour #OM #Salzbourg en @LigueEuro…,9986,489,860,33234,OM,[]
149,Tiemoue Bakayoko,Alexandre Jacquin,AJac13,2018-04-22 19:51:18,False,False,Marseille,Paris,None,RT @JeanLombardozzi: La Une de @laprovence des Sports ce lundi 23 avril 2018 #OM @orangevelodrome complet pour #OM #Salzbourg en @LigueEuro…,6060,834,13261,9727,OM,[]
150,Tiemoue Bakayoko,DIASSS,Diasss_13,2018-04-22 19:42:33,False,False,Virage Sud ,None,None,RT @JeanLombardozzi: La Une de @laprovence des Sports ce lundi 23 avril 2018 #OM @orangevelodrome complet pour #OM #Salzbourg en @LigueEuro…,20807,363,693,17766,OM,[]
151,Tiemoue Bakayoko,#TeamOM,JrmyAh,2018-04-22 19:41:44,False,False,"Marseille, France",London,None,RT @JeanLombardozzi: La Une de @laprovence des Sports ce lundi 23 avril 2018 #OM @orangevelodrome complet pour #OM #Salzbourg en @LigueEuro…,26980,341,734,52872,OM,[]
152,Tiemoue Bakayoko,Pattyn,PattynPatrick13,2018-04-22 19:37:43,False,False,"Marseille, France",None,None,RT @JeanLombardozzi: La Une de @laprovence des Sports ce lundi 23 avril 2018 #OM @orangevelodrome complet pour #OM #Salzbourg en @LigueEuro…,6346,756,428,4869,OM,[]
153,Tiemoue Bakayoko,Jérémy Tordjman,Jay_Tordjman,2018-04-22 19:36:09,False,False,"Marseille, et ailleurs...",Pacific Time (US & Canada),None,RT @JeanLombardozzi: La Une de @laprovence des Sports ce lundi 23 avril 2018 #OM @orangevelodrome complet pour #OM #Salzbourg en @LigueEuro…,338,721,4648,7606,OM,[]
154,Tiemoue Bakayoko,Jean Lombardozzi,JeanLombardozzi,2018-04-22 19:34:46,False,False,Marseille,None,None,La Une de @laprovence des Sports ce lundi 23 avril 2018 #OM @orangevelodrome complet pour #OM #Salzbourg en… https://t.co/VpZ1degXKM,86,78,775,1509,OM,"[{'url': 'https://t.co/VpZ1degXKM', 'expanded_url': 'https://twitter.com/i/web/status/988139065592700934', 'display_url': 'twitter.com/i/web/status/9…', 'indices': [109, 132]}]"
155,Tiemoue Bakayoko,WAHOME,wahome__,2018-04-22 18:52:58,False,False,Kenya,None,None,"Bakayoko has improved !!!??
Next year he'll be better than fabregas.
#Bakayoko",2391,1174,1531,823,Bakayoko,[]
156,Tiemoue Bakayoko,Ricky nelly,Rickkynelly,2018-04-22 18:50:23,False,False,Abuja Nigeria,None,None,"Seems like #Willian was not angry for being substituted, he just couldn't believe a whack player like #Bakayoko was… https://t.co/OM4Esj6zWD",7668,592,141,990,Willian,"[{'url': 'https://t.co/OM4Esj6zWD', 'expanded_url': 'https://twitter.com/i/web/status/988127895964016644', 'display_url': 'twitter.com/i/web/status/9…', 'indices': [117, 140]}]"
157,Tiemoue Bakayoko,Tzar,Tzarrahlapane,2018-04-22 17:19:32,False,False,Tshwane,None,None,@ChelseaFC Sell #Bakayoko and sign #Nzonzi,642,412,85,1243,Bakayoko,[]
158,Tiemoue Bakayoko,Excelsior! ?  ?,PhilPlanter,2018-04-22 15:44:33,False,False,Galt's Gulch,Quito,None,"#Bakayoko makes the simple things seem excruciatingly difficult! 
#CHESOU",743,2952,1074,8896,Bakayoko,[]
159,Tiemoue Bakayoko,Sohaib Khan,KhanGaming_,2018-04-22 15:29:42,False,False,,Casablanca,None,What does #Bakayoko bring??,2712,63,231,1907,Bakayoko,[]
160,Tiemoue Bakayoko,Mark Johnson,majohnsonesq,2018-04-22 15:27:24,False,False,Here,America/New_York,None,RT @PhilPlanter: #Conte substitutes #Willian for #Bakayoko. Is he serious? This move makes no sense! Bakayoko adds no value to the Chelsea…,173,85,22,360,Conte,[]
161,Gary Cahill,Laurenz Vescoli,Laus1507,2018-04-22 21:55:26,False,False,"Innsbruck, Austria",Belgrade,None,"Strong against Austin in the air and no mistake that I can think of in build up play.

#cfc #Cahill #chesou #FACup",3571,481,1470,4682,cfc,[]
162,Gary Cahill,AW,agmow2012,2018-04-22 09:35:09,False,False,"London, England",Amsterdam,None,@OTD_PL @therealstevenpi @ManUtd @Everton @lesroberts77 @benbluenose79 Love that team #efc #cahill #moyesboys #jela #pienaar,740,329,28,2106,efc,[]
163,Gary Cahill,Kimberly,candypie22,2018-04-22 01:24:30,False,False,Asgard,None,None,RT @GyspsyLoveserie: @candypie22 @LethalWeaponHub @MMauuud @LethalWeaponFOX @JordanaBrewster @ClayneCrawford @LethalWriters Yes. We need mo…,139981,3663,2512,195823,None,[]
164,Gary Cahill,Kimberly,candypie22,2018-04-22 01:24:13,False,False,Asgard,None,None,RT @GyspsyLoveserie: @Mizcrea @candypie22 @LethalWeaponHub @MMauuud @LethalWeaponFOX @JordanaBrewster @ClayneCrawford @LethalWriters it is…,139981,3663,2512,195823,None,[]
165,Gary Cahill,Laurenz Vescoli,Laus1507,2018-04-22 21:55:26,False,False,"Innsbruck, Austria",Belgrade,None,"Strong against Austin in the air and no mistake that I can think of in build up play.

#cfc #Cahill #chesou #FACup",3571,481,1470,4682,cfc,[]
166,Gary Cahill,AW,agmow2012,2018-04-22 09:35:09,False,False,"London, England",Amsterdam,None,@OTD_PL @therealstevenpi @ManUtd @Everton @lesroberts77 @benbluenose79 Love that team #efc #cahill #moyesboys #jela #pienaar,740,329,28,2106,efc,[]
167,Gary Cahill,Kimberly,candypie22,2018-04-22 01:24:30,False,False,Asgard,None,None,RT @GyspsyLoveserie: @candypie22 @LethalWeaponHub @MMauuud @LethalWeaponFOX @JordanaBrewster @ClayneCrawford @LethalWriters Yes. We need mo…,139981,3663,2512,195823,None,[]
168,Gary Cahill,Kimberly,candypie22,2018-04-22 01:24:13,False,False,Asgard,None,None,RT @GyspsyLoveserie: @Mizcrea @candypie22 @LethalWeaponHub @MMauuud @LethalWeaponFOX @JordanaBrewster @ClayneCrawford @LethalWriters it is…,139981,3663,2512,195823,None,[]
